{
  "project_info": {
    "project_number": "423985142566",
    "project_id": "mytrabalho-1718d",
    "storage_bucket": "mytrabalho-1718d.appspot.com"
  },
  "client": [
    {
      "client_info": {
        "mobilesdk_app_id": "1:423985142566:android:7adf4e5140a6e216513fe7",
        "android_client_info": {
          "package_name": "com.example.appfirebase"
        }
      },
      "oauth_client": [
        {
          "client_id": "423985142566-4i9p9kga5o9fj87hruvhitk4d9g22338.apps.googleusercontent.com",
          "client_type": 1,
          "android_info": {
            "package_name": "com.example.appfirebase",
            "certificate_hash": "f82c4b085342061570bd86cd18be9761be81bec5"
          }
        },
        {
          "client_id": "423985142566-mda12qat6uvu91ehekjjt5ofqd4vorul.apps.googleusercontent.com",
          "client_type": 3
        }
      ],
      "api_key": [
        {
          "current_key": "AIzaSyA4_QW-JTNQDwMjRw0FkFdzrvNOHrQCsk0"
        }
      ],
      "services": {
        "appinvite_service": {
          "other_platform_oauth_client": [
            {
              "client_id": "423985142566-mda12qat6uvu91ehekjjt5ofqd4vorul.apps.googleusercontent.com",
              "client_type": 3
            }
          ]
        }
      }
    },
    {
      "client_info": {
        "mobilesdk_app_id": "1:423985142566:android:ea2f044f961ffa92513fe7",
        "android_client_info": {
          "package_name": "com.example.loginapp"
        }
      },
      "oauth_client": [
        {
          "client_id": "423985142566-kf34hc7ibrpgd9r8o0njqe4ou814km8a.apps.googleusercontent.com",
          "client_type": 1,
          "android_info": {
            "package_name": "com.example.loginapp",
            "certificate_hash": "f82c4b085342061570bd86cd18be9761be81bec5"
          }
        },
        {
          "client_id": "423985142566-mda12qat6uvu91ehekjjt5ofqd4vorul.apps.googleusercontent.com",
          "client_type": 3
        }
      ],
      "api_key": [
        {
          "current_key": "AIzaSyA4_QW-JTNQDwMjRw0FkFdzrvNOHrQCsk0"
        }
      ],
      "services": {
        "appinvite_service": {
          "other_platform_oauth_client": [
            {
              "client_id": "423985142566-mda12qat6uvu91ehekjjt5ofqd4vorul.apps.googleusercontent.com",
              "client_type": 3
            }
          ]
        }
      }
    }
  ],
  "configuration_version": "1"
}